Index,LCSC#,MPN,Manufacturer,Package,Customer #,Description,RoHS,Quantity,MOQ,Multiple,Unit Price($),Extended Price($),Product Link
1,C160977,BLM15PX601SN1D,muRata,0402,,600Ω@100MHz 1 Line Ferrite Bead 0402 900mA 230mΩ,yes,50,50,50,0.0127,0.64,https://www.lcsc.com/product-detail/C160977.html
2,C137973,RC0402FR-0747RL,YAGEO,0402,,47Ω 62.5mW 50V Thick Film Resistor ±100ppm/℃ ±1% 0402 Chip Resistor - Surface Mount RoHS,yes,100,100,100,0,0,https://www.lcsc.com/product-detail/C137973.html
3,C88946,GRM155R71A474KE01D,muRata,0402,,470nF ±10% 10V Ceramic Capacitor X7R 0402,yes,20,20,20,0.0353,0.71,https://www.lcsc.com/product-detail/C88946.html
4,C22367834,HGC1206R5226M350NSPJ,Chinocera,1206,,22uF ±20% 35V Ceramic Capacitor X5R 1206,yes,5,5,5,0,0,https://www.lcsc.com/product-detail/C22367834.html
5,C186154,RN73H1ETTP5101B25,KOA,0402,,5.1kΩ 62.5mW 50V Metal Film Resistor ±25ppm/℃ ±0.1% 0402 Chip Resistor - Surface Mount RoHS,yes,5,5,5,0.1824,0.91,https://www.lcsc.com/product-detail/C186154.html
6,C137948,RC0402FR-07680RL,YAGEO,0402,,680Ω 62.5mW 50V Thick Film Resistor ±100ppm/℃ ±1% 0402 Chip Resistor - Surface Mount RoHS,yes,100,100,100,0,0,https://www.lcsc.com/product-detail/C137948.html
7,C2909384,FRC0402F75R0TS,FOJAN,0402,,75Ω ±1% 62.5mW 0402 Thick Film Resistor,yes,100,100,100,0.0022,0.22,https://www.lcsc.com/product-detail/C2909384.html
8,C5126133,FRC0402F8661TS,FOJAN,0402,,8.66kΩ ±1% 62.5mW 0402 Thick Film Resistor,yes,100,100,100,0.0019,0.19,https://www.lcsc.com/product-detail/C5126133.html
9,C151629,SDM02U30LP3-7B,DIODES,X3-DFN0603-2,,1 Independent 30V 370mV@10mA 100mA X3-DFN0603-2 Single Diodes RoHS,yes,10,10,10,0.0643,0.64,https://www.lcsc.com/product-detail/C151629.html
10,C728576,RT0402FRE07100KL,YAGEO,0402,,100kΩ 62.5mW 50V Thin Film Resistor ±50ppm/℃ ±1% 0402 Chip Resistor - Surface Mount RoHS,yes,50,50,50,0.0210,1.05,https://www.lcsc.com/product-detail/C728576.html
11,C2288,KT-0603B,Hubei KENTO Elec,0603,,Blue 469nm LED Indication - Discrete 3.1V 0603,yes,50,50,50,0.0103,0.52,https://www.lcsc.com/product-detail/C2288.html
12,C12624,KT-0603G,Hubei KENTO Elec,0603,,Emerald Green 525nm LED Indication - Discrete 3.1V 0603,yes,50,50,50,0.0122,0.61,https://www.lcsc.com/product-detail/C12624.html
13,C82351,AT7456E,ZHONGKEWEI,TSSOP-28-EP,,TSSOP-28-EP Microcontrollers RoHS,yes,1,1,1,3.7445,3.74,https://www.lcsc.com/product-detail/C82351.html
14,C15639,MS561101BA03-50,TE Connectivity,QFN-8(3x5),,"1Kpa~1.2bar QFN-8(3x5) Pressure Sensors, Transducers RoHS",yes,1,1,1,6.7122,6.71,https://www.lcsc.com/product-detail/C15639.html
15,C19077582,SMBJ28A,R+O,DO-214AA(SMB),,45.4VC Clamp 13.22A@10/1000us Ipp TVS DIODE DO-214AA(SMB),yes,5,5,5,0.0498,0.25,https://www.lcsc.com/product-detail/C19077582.html
16,C42924178,SMHT4020-100MT,Shun Xiang Nuo,"SMD,4x4mm",,"2A 10uH ±20% 2.8A 220mΩ SMD,4x4mm Fixed Inductors RoHS",yes,10,10,10,0.0532,0.53,https://www.lcsc.com/product-detail/C42924178.html
17,C165948,TYPE-C-31-M-12,Korean Hroparts Elec,SMD,,USB-C (USB TYPE-C) Receptacle Connector 16 Position Surface Mount,yes,5,5,5,0.1709,0.85,https://www.lcsc.com/product-detail/C165948.html
18,C160407,SM08B-SRSS-TB(LF)(SN),JST,"SMD,P=1mm,Surface Mount,Right Angle",,"Connector Header 8 position 1mm Pitch 1A Surface Mount, Right Angle -25℃~+85℃",yes,5,5,5,0.3314,1.66,https://www.lcsc.com/product-detail/C160407.html
19,C2858031,GRM155R61E475ME15D,muRata,0402,,4.7uF ±20% 25V Ceramic Capacitor X5R 0402,yes,20,5,5,0.1512,3.02,https://www.lcsc.com/product-detail/C2858031.html
20,C2933074,FRC0402F1501TS,FOJAN,0402,,1.5kΩ ±1% 62.5mW 0402 Thick Film Resistor,yes,100,100,100,0.0022,0.22,https://www.lcsc.com/product-detail/C2933074.html
21,C152814,0402B104K500CT,Walsin,0402,,100nF ±10% 50V Ceramic Capacitor X7R 0402,yes,200,50,50,0.0110,2.20,https://www.lcsc.com/product-detail/C152814.html
22,C17702748,C0603B104J500NT,TORCH,0603,,100nF ±5% 50V Ceramic Capacitor X7R 0603,yes,5,5,5,0.0436,0.22,https://www.lcsc.com/product-detail/C17702748.html
23,C191984,CRCW040210K0JNED,VISHAY,0402,,63mW 10kΩ 50V Thick Film Resistor ±5% ±200ppm/℃ 0402 Chip Resistor - Surface Mount RoHS,yes,200,100,100,0.0041,0.82,https://www.lcsc.com/product-detail/C191984.html
24,C11692,0402WGF1242TCE,UNI-ROYAL,0402,,12.4kΩ ±1% 62.5mW 0402 Thick Film Resistor,yes,100,100,100,0.0032,0.32,https://www.lcsc.com/product-detail/C11692.html
25,C54920729,HRC0402J154 DNTO,HWA CHN,0402,,62.5mW 150kΩ 50V Thick Film Resistor ±5% ±100ppm/℃ 0402 Chip Resistor - Surface Mount RoHS,yes,100,100,100,0.0006,0.06,https://www.lcsc.com/product-detail/C54920729.html
26,C1548,0402CG150J500NT,FH,0402,,15pF ±5% 50V Ceramic Capacitor C0G 0402,yes,100,100,100,0.0047,0.47,https://www.lcsc.com/product-detail/C1548.html
27,C1985520,ABM11-16.000MHZ-B7G-T,ABRACON,SMD2016-4P,,Crystal 16MHz ±15ppm 10pF 150Ω SMD2016-4P,yes,1,1,1,0.8265,0.83,https://www.lcsc.com/product-detail/C1985520.html
28,C11476,0402WGF1872TCE,UNI-ROYAL,0402,,18.7kΩ ±1% 62.5mW 0402 Thick Film Resistor,yes,100,100,100,0.0035,0.35,https://www.lcsc.com/product-detail/C11476.html
29,C852624,RT0402BRD071KL,YAGEO,0402,,1kΩ 62.5mW 50V Thin Film Resistor ±25ppm/℃ ±0.1% 0402 Chip Resistor - Surface Mount RoHS,yes,50,50,50,0.0271,1.36,https://www.lcsc.com/product-detail/C852624.html
30,C77006,GRM155R61C105KA12D,muRata,0402,,1uF ±10% 16V Ceramic Capacitor X5R 0402,yes,100,50,50,0.0301,3.01,https://www.lcsc.com/product-detail/C77006.html
31,C477674,RC0402FR-0722K6L,YAGEO,0402,,22.6kΩ 62.5mW 50V Thick Film Resistor ±100ppm/℃ ±1% 0402 Chip Resistor - Surface Mount RoHS,yes,100,100,100,0.0031,0.31,https://www.lcsc.com/product-detail/C477674.html
32,C338078,C2012X5R1E226MT000E,TDK,0805,,22uF ±20% 25V Ceramic Capacitor X5R 0805,yes,2,1,1,0.3199,0.64,https://www.lcsc.com/product-detail/C338078.html
33,C1985480,ABM11-27.000MHZ-D2X-T3,ABRACON,SMD2016-4P,,±20ppm 10pF ±20ppm SMD2016-4P Crystals RoHS,yes,2,1,1,1.6645,3.33,https://www.lcsc.com/product-detail/C1985480.html
34,C12530,CL05A225MQ5NSNC,Samsung Electro-Mechanics,0402,,2.2uF ±20% 6.3V Ceramic Capacitor X5R 0402,yes,100,100,100,0.0065,0.65,https://www.lcsc.com/product-detail/C12530.html
35,C98192,CL21A475KBQNNNE,Samsung Electro-Mechanics,0805,,4.7uF ±10% 50V Ceramic Capacitor X5R 0805,yes,10,10,10,0.1216,1.22,https://www.lcsc.com/product-detail/C98192.html
36,C15742,STM32F405RGT6,ST,LQFP-64(10x10),,ARM Cortex-M4 32 Bit 168MHz 51 LQFP-64(10x10) Microcontrollers RoHS,yes,1,1,1,6.6712,6.67,https://www.lcsc.com/product-detail/C15742.html
37,C100042,CC0603KRX7R9BB103,YAGEO,0603,,10nF ±10% 50V Ceramic Capacitor X7R 0603,yes,50,50,50,0.0151,0.76,https://www.lcsc.com/product-detail/C100042.html
38,C2906941,FRC0402J472 TS,FOJAN,0402,,4.7kΩ ±5% 62.5mW 0402 Thick Film Resistor,yes,100,100,100,0.0017,0.17,https://www.lcsc.com/product-detail/C2906941.html
39,C42931809,ABC02K20R0FT,FH,0402,,20Ω 62.5mW Thick Film Resistor ±100ppm/℃ ±1% 0402 Chip Resistor - Surface Mount RoHS,yes,100,100,100,0.0017,0.17,https://www.lcsc.com/product-detail/C42931809.html
40,C916392,SS8050,JSMSEMI,SOT-23,,Bipolar (BJT) Transistor NPN 25V 1.5A 300mW Surface Mount SOT-23,yes,50,50,50,0.0099,0.50,https://www.lcsc.com/product-detail/C916392.html
41,C2969892,LDL212PV33R,ST,DFN-6(2x2),,"3.3V Positive Fixed DFN-6(2x2) Voltage Regulators - Linear, Low Drop Out (LDO) Regulators RoHS",yes,2,1,1,9.6535,19.31,https://www.lcsc.com/product-detail/C2969892.html
42,C190862,W25Q128JVPIQ,Winbond,WSON-8-EP(5x6),,128Mbit 2.7V~3.6V 133MHz SPI WSON-8-EP(5x6) Memory RoHS,yes,1,1,1,3.7478,3.75,https://www.lcsc.com/product-detail/C190862.html
