Designator,Val,Package,Mid X,Mid Y,Rotation,Layer
A1,MS561101BA03-50,SENSORS-SMD_MS5611-01BA03,78.54,-98.65,-90.0,top
C1,2u2,C_0402_1005Metric,89.939945,-87.08857,180.0,top
C10,15pF,C_0402_1005Metric,92.98,-102.57,135.0,top
C11,15pF,C_0402_1005Metric,90.29,-102.51,45.0,top
C12,4.7uF,C_0603_1608Metric,89.7,-99.45,0.0,bottom
C13,100nF,C_0402_1005Metric,97.66,-98.05,0.0,bottom
C14,100nF,C_0402_1005Metric,94.56,-93.83,270.0,bottom
C15,22uF,C_0603_1608Metric,91.95,-90.4,90.0,bottom
C16,150pF,C_0402_1005Metric,93.13,-94.3,0.0,bottom
C17,100nF,C_0603_1608Metric,89.735,-97.925,0.0,bottom
C18,1uF,C_0402_1005Metric,97.51,-85.0,270.0,bottom
C19,4.7uF,C_0402_1005Metric,99.18,-87.24,180.0,bottom
C2,2u2,C_0402_1005Metric,101.389945,-90.73857,90.0,top
C20,1uF,C_0402_1005Metric,104.9,-100.84,90.0,bottom
C21,4.7uF,C_0402_1005Metric,103.37,-98.52,0.0,bottom
C22,10nF,C_0402_1005Metric,107.015,-97.95,0.0,top
C23,100nF,C_0402_1005Metric,109.965,-96.1,0.0,top
C24,2u2,C_0402_1005Metric,109.965,-97.05,0.0,top
C25,100nF,C_0402_1005Metric,87.17,-85.69,-90.0,top
C26,100nF,C_0402_1005Metric,103.05,-77.13,0.0,top
C27,100nF,C_0402_1005Metric,102.34,-109.975,0.0,bottom
C28,4.7uF,C_0603_1608Metric,93.85,-111.35,0.0,bottom
C29,100nF,C_0603_1608Metric,93.85,-109.85,0.0,bottom
C3,100nF,C_0402_1005Metric,88.539945,-88.33857,180.0,top
C30,100nF,C_0402_1005Metric,98.75,-105.72,270.0,bottom
C31,150pF,C_0402_1005Metric,97.26,-105.075,0.0,bottom
C32,22uF,C_0603_1608Metric,96.05,-101.975,90.0,bottom
C33,100nF,C_0402_1005Metric,100.65,-86.03,180.0,top
C34,100nF,C_0402_1005Metric,95.0,-87.0,0.0,top
C35,470nF,C_0402_1005Metric,102.55,-86.03,180.0,top
C36,100nF,C_0402_1005Metric,75.77,-98.53,-90.0,top
C37,100nF,C_0402_1005Metric,98.84,-87.12,180.0,top
C38,100nf,C_0402_1005Metric,82.34,-95.59,270.0,bottom
C39,100nf,C_0402_1005Metric,85.05,-98.61,90.0,top
C4,100nF,C_0402_1005Metric,87.339945,-99.23857,180.0,top
C40,100nF,C_0402_1005Metric,95.8,-104.9,-135.0,top
C41,100nF,C_1206_3216Metric,83.925,-105.05,180.0,bottom
C42,47uF,C_1206_3216Metric,83.925,-101.7,180.0,bottom
C5,100nF,C_0402_1005Metric,101.339945,-97.48857,-90.0,top
C6,100nF,C_0402_1005Metric,88.939945,-100.80857,-90.0,top
C7,100nF,C_0402_1005Metric,99.939945,-89.78857,0.0,top
C8,100nF,C_0402_1005Metric,100.53,-100.815,-90.0,top
C9,1uF,C_0402_1005Metric,99.55,-100.815,-90.0,top
D1,SMBJ28A,D_SMA,78.05,-101.65,0.0,bottom
D2,D_Schottky,D_0603_1608Metric,94.2125,-83.0,0.0,bottom
D3,D_Schottky,D_0603_1608Metric,94.22,-84.6,0.0,bottom
D4,LED,LED_0603_1608Metric,85.21,-108.4575,90.0,top
D5,LED,LED_0603_1608Metric,87.73,-108.45,90.0,top
D6,LED,LED_0603_1608Metric,90.24,-108.4675,90.0,top
D7,LED,LED_0603_1608Metric,103.75,-90.9975,90.0,top
D8,LED GREEN,LED_0603_1608Metric,105.28,-91.0,90.0,top
FB1,FerriteBead_Small,L_0402_1005Metric,98.55,-100.815,90.0,top
H1,MountingHole,MountingHole_4.3mm_M4,108.939945,-109.43857,90.0,top
H2,MountingHole,MountingHole_4.3mm_M4,108.939945,-78.93857,90.0,top
H3,MountingHole,MountingHole_4.3mm_M4,78.439945,-78.93857,90.0,top
H4,MountingHole,MountingHole_4.3mm_M4,78.439945,-109.43857,90.0,top
J1,USB_C_Receptacle_USB2.0_14P,USB_C_Receptacle_HRO_TYPE-C-31-M-12,88.902445,-78.33857,0.0,bottom
J2,jst sh,JST_SH_SM08B-SRSS-TB_1x08-1MP_P1.00mm_Horizontal,77.2,-93.85,90.0,bottom
L1,15uH,WE-TPC_5828,87.7,-93.7,180.0,bottom
L2,27uH,IND_SRR6038-270Y,91.35,-105.1,90.0,bottom
R1,22,R_0402_1005Metric,87.652445,-82.78857,180.0,bottom
R10,100K,R_0402_1005Metric,97.645,-96.175,0.0,bottom
R11,16.9K,R_0402_1005Metric,97.645,-97.125,180.0,bottom
R12,4.7K,R_0402_1005Metric,99.01,-76.86,-90.0,top
R13,10K,R_0402_1005Metric,85.146252,-103.31,0.0,top
R14,680,R_0402_1005Metric,87.1,-110.5,180.0,top
R15,47,R_0402_1005Metric,86.46,-108.74,90.0,top
R16,100K,R_0402_1005Metric,102.34,-108.075,0.0,bottom
R17,16.9K,R_0402_1005Metric,102.34,-109.025,180.0,bottom
R18,20,R_0402_1005Metric,99.75,-105.7,90.0,bottom
R19,100K,R_0402_1005Metric,96.89,-111.8,180.0,bottom
R2,22,R_0402_1005Metric,89.652445,-82.78857,0.0,bottom
R20,24K,R_0402_1005Metric,98.8,-111.8,0.0,bottom
R21,9.76K,R_0402_1005Metric,97.26,-106.125,0.0,bottom
R22,100K,R_0402_1005Metric,97.26,-104.025,0.0,bottom
R23,86.6K,R_0402_1005Metric,95.775,-104.55,90.0,bottom
R24,75,R_0402_1005Metric,102.55,-87.03,180.0,top
R25,75,R_0402_1005Metric,96.94,-87.13,180.0,top
R26,10K,R_0402_1005Metric,81.28,-98.55,90.0,top
R27,10K,R_0402_1005Metric,81.0,-96.28,-90.0,top
R28,100K,R_0402_1005Metric,83.08,-98.61,90.0,top
R29,1.5K,R_0402_1005Metric,91.48,-108.76,90.0,top
R3,5.1K,R_0402_1005Metric,85.652445,-82.78857,0.0,bottom
R30,10K,R_0402_1005Metric,84.08,-98.61,90.0,top
R31,1K,R_0402_1005Metric,102.51,-90.7175,-90.0,top
R32,1K,R_0402_1005Metric,106.52,-90.71,-90.0,top
R33,4.7K,R_0402_1005Metric,108.265,-93.8,180.0,top
R34,4.7K,R_0402_1005Metric,78.7,-84.7,-90.0,top
R35,10k,R_0402_1005Metric,95.07,-104.16,45.0,top
R36,5.1K,R_0402_1005Metric,91.602445,-82.78857,180.0,bottom
R4,100K,R_0402_1005Metric,92.375,-99.8,180.0,bottom
R5,20,R_0402_1005Metric,95.485,-93.83,90.0,bottom
R6,51.1K,R_0402_1005Metric,94.25,-99.8,0.0,bottom
R7,18.7K,R_0402_1005Metric,93.13,-92.425,0.0,bottom
R8,100K,R_0402_1005Metric,93.13,-93.375,0.0,bottom
R9,75K,R_0402_1005Metric,91.7,-93.85,90.0,bottom
S1,NANOT240AS,NANOT240AS,85.786252,-104.97,0.0,top
TP10,4V5,1.5mm pad,76.22,-94.68,-90.0,top
TP11,RX3,1.5mm pad,102.31,-112.99,0.0,top
TP12,TX3,1.5mm pad,100.5,-112.99,0.0,top
TP13,4V5,1.5mm pad,76.22,-92.7675,-90.0,top
TP14,+5V,1.5mm pad,111.65,-85.07,90.0,top
TP15,CAM,1.5mm pad,111.65,-86.835,90.0,top
TP16,GND,1.5mm pad,85.67,-113.0,0.0,top
TP17,+9V,1.5mm pad,87.523333,-113.0,0.0,top
TP18,SA,1.5mm pad,89.376667,-113.0,0.0,top
TP19,VID,1.5mm pad,91.23,-113.0,0.0,top
TP20,+9V,1.5mm pad,76.22,-88.9425,-90.0,top
TP21,+5V,1.5mm pad,76.22,-90.855,-90.0,top
TP22,+5V,1.5mm pad,98.69,-112.99,0.0,top
TP23,GND,1.5mm pad,96.88,-112.99,0.0,top
TP24,GND,1.5mm pad,76.22,-87.03,-90.0,top
TP5,GND,1.5mm pad,112.01,-103.78,180.0,top
TP6,4V5,1.5mm pad,112.01,-102.016667,180.0,top
TP7,4V5,1.5mm pad,112.01,-98.49,180.0,top
TP8,4V5,1.5mm pad,112.01,-100.253333,180.0,top
TP9,GND,1.5mm pad,111.65,-88.6,90.0,top
U1,STM32F405RGTx,LQFP-64_10x10mm_P0.5mm,93.689945,-94.48857,0.0,top
U2,ICM-42688-P,LGA-14_L3.0-W2.5-P0.50-TL,107.065,-95.85,0.0,top
U3,MAX7456EUI_,TSSOP-28_L9.7-W4.4-P0.65-LS6.4-BL-EP-2,99.27,-81.6,90.0,top
U4,MP4420GJ-P,TSOT-23-8_L2.9-W1.6-P0.65-LS2.8-BL,93.56,-96.98,270.0,bottom
U5,W25Q128JVPIQ,WSON-8_L6.0-W5.0-P1.27-BL-EP,82.9,-87.1,-90.0,top
U7,MP4420GJ-P,TSOT-23-8_L2.9-W1.6-P0.65-LS2.8-BL,97.79585,-108.925001,270.0,bottom
U8,LDL212PV33R,DFN-6_L2.0-W2.0-P0.50-BL-EP1.45,103.395,-100.32,90.0,bottom
U9,LDL212PV33R,DFN-6_L2.0-W2.0-P0.50-BL-EP1.45,99.115,-85.51,270.0,bottom
Y1,16Mhz,CRYSTAL-SMD_4P-L2.0-W1.6-BL,91.906066,-103.513173,-45.0,top
Y2,27Mhz,CRYSTAL-SMD_4P-L2.0-W1.6-BL,100.3,-81.55,0.0,bottom
